,Job_ID_0,Job_ID_1,Job_ID_2,Job_ID_3
Job_ID_0,1.0000001,0.1800356,0.36295134,0.18978836
Job_ID_1,0.1800356,1.0,0.3123318,0.16503428
Job_ID_2,0.36295134,0.3123318,1.0,0.121007495
Job_ID_3,0.18978836,0.16503428,0.121007495,1.0
