,Job_ID_0,Job_ID_1,Job_ID_2,Job_ID_3
Job_ID_0,1.0,0.18612923,0.15401225,0.12637024
Job_ID_1,0.18612923,0.99999994,0.11924522,0.12284987
Job_ID_2,0.15401225,0.11924522,1.0,0.07402516
Job_ID_3,0.12637024,0.12284987,0.07402516,1.0
Similarity_Average,0.3666279,0.35705605,0.33682066,0.33081132
