,관리자(Manager),고급(Senior),중급(Intermediate),초급(Junior)
관리자(Manager),1,0.025792217,0.16705966,0.09438869
고급(Senior),0.025792217,1,0.18805195,0.15998131
중급(Intermediate),0.16705966,0.18805195,1,-0.05777085
초급(Junior),0.09438869,0.15998131,-0.05777085,1
Similarity_Average,0.32181016,0.3434564,0.3243352,0.29914978
